id,sequence,z_0,z_1,z_2,z_3,min_leven[from=nat],perc_min_leven[from=nat],min_leven[from=all],perc_min_leven[from=all]
id_0,TRGPESLNQIRSEIDNIDAQILRLLQDRALTTQKIGRYKSAQFHPLYDERREQNVLATRRELCDGGGVPDTLRALYCELMVESSKLRHKIMK,-1.645877,-0.60126376,-0.6499301,1.4807527,59.0,0.6276595744680851,59.0,0.6276595744680851
id_1,VRDAVLEGWRRQIASLDDYILTAVHERRLLTSRMTAAYRTRHDVPIDRSAREEQILAENSVAAGLNGVDQSFIETVLIPIMDSSKKIQFEVIDK,1.3400937,-2.1970606,0.12599906,-0.17864469,62.0,0.6595744680851063,62.0,0.6595744680851063
id_2,TLPIKVRQEIRQSIAEVDALLLDLIAARVRISQAVVAFKEKNGVPGSDAQVRQQVIHNLAALGHEGPLDPQEAETFVEALKRASKDFQRALMARA,-0.20716622,-1.913822,-0.7502412,0.37011373,63.0,0.6631578947368421,61.0,0.6421052631578947
id_3,EIDPLRDQIDEIDARLLELLNRRAQVVSRVGQVKGRENLPKYVPSREEDMIKDMRERSEGSLVQYSLDKDFTTALDASLVREKKSLSG,0.3901232,-2.0885077,-0.9117925,0.8670425,51.0,0.5604395604395604,51.0,0.5604395604395604
id_4,VTLANLRADLEELREEIMRLFNDLLQFFKEISRVVMQQGDSHMVPDRPRRVLQEIREQTEKAFEHGDLDHLVKEVFQVMRHAVAEHSGFF,-0.7560856,-0.23716149,0.8149804,0.15018766,63.0,0.6923076923076923,60.0,0.6593406593406593
id_5,MCASMSNAELVEKAADSLASLRAVIDSRVRKYDWVAGPTRQFGEALRDPEIVAQLRGNMLAARKAEPRELAKVQTDAQRNLEEAMVVEYNEAGKR,-0.65740603,-0.17908914,0.06652758,-0.6628298,68.0,0.7157894736842105,68.0,0.7157894736842105
id_6,DSTFQQLDALREHIDEIDAKLIGLLVERMRASEEIASAKLSHDKDVLQHKREEDVVTRWKSLGTQKGLTPGFTEKFLKCIHGFVVQEKKKILAAL,-0.61160785,0.23970997,-0.23989236,0.18608531,59.0,0.6210526315789474,59.0,0.6210526315789474
id_7,TRNDQERERIRTIDNEIQEILGTRNGLCVKIAELKLSLGLPDYVPEREAYMFEKIRELLTKAGTDESMAAQFIREVMESVHSEIYKHSKICR,0.6565073,-1.221788,1.2377076,-1.4904133,60.0,0.6521739130434783,58.0,0.6304347826086957
id_8,KWQQELDAIRHRIDDNDLKLIELINKRANFVGTVIASKKDSGNVVLADNREQNLLKRKEYQNVAQFQIQHFIKIIKILSKMSFELSLQEQLKN,-0.044907577,-1.1821303,-1.2697932,-1.0553175,62.0,0.6666666666666666,59.0,0.6344086021505376
id_9,DAMTFRLQELRCKIDEIDRVLVRLLAERFRVADSVGELKAQHNLPGSDPVREKRMMASLAELAEARGSPPRIAAKFLTVMDEEVAMQQRQAADD,1.1624341,-1.50223,0.71076536,0.054470204,51.0,0.5368421052631579,49.0,0.5157894736842106
id_10,MNNELQILRRRIAIIDSEIIRLIERRRGLADKIAEAKRKKGSPVLQREREREILIVLRTKAEELGPDEVEVLDLFRMRIEASVTVQAEARLGF,-0.6662117,0.5935445,0.7974032,0.08581961,57.0,0.6129032258064516,57.0,0.6129032258064516
id_11,THLQMLNIRRVQLDLEELRTLEMIAKDQRFVATSNAVPKLSDMQVVQQKRDLALDERKKENQEAYKHNKRSEVLLKASILKEIKTLLREEMRKK,-0.27582875,0.15681829,-1.2041105,-0.48217762,67.0,0.7127659574468085,65.0,0.6842105263157895
id_12,SPEGLLRLRAHIDSVDNQMLEALARRAAVSQQVARLKEGSNRSLFIPRREQIVYQKVAQHAKGLGPDVAAEEVSLVEIAALNLDERPVCEA,0.2819459,0.25370774,-0.59647393,0.26186323,57.0,0.6263736263736264,57.0,0.6263736263736264
id_13,KQFADEITTEDVRLLNMIEQRIEISVLPGKVCAKAGLYNGKTERQVNVVLAYSKDAINFNAYTASATYELHKQLQQLWREMLGKRLEAL,1.0671104,0.87104017,-0.11468592,1.1598102,66.0,0.7415730337078652,66.0,0.7415730337078652
id_14,DCIDNKRDSVTSQNQEILTTLTRAIEERAAITGSVVSWAWEKGGPVHQAAQFNRELQKLRKYAERICLELDLVARFLSRLFQASKVVQRK,-0.116601415,-0.41920716,0.117564686,-0.1371378,66.0,0.7333333333333333,66.0,0.7333333333333333
id_15,PITDLDDIRARIDAVDMQITHMVGERQGFCKQIAEVRGETGMSVYEPDRELKQEQRREEAASHCNAPDFIEEIRQLLQIICEEVLRQHQEV,0.57808506,-2.773681,-0.39695257,0.39432445,63.0,0.6923076923076923,56.0,0.6153846153846154
id_16,NGLDELRERRRKIDDVDQKLLSNLKERAGLIAQVSELKSLSGHIRRDSDDEMIIVKRVQTLRNMLNDTIIIEEKLGTMFQEDKENQLKQVYLSR,0.12213449,0.011736251,0.88929677,-0.26737738,62.0,0.6595744680851063,62.0,0.6595744680851063
id_17,KIDPNRIEIDRVEIQLIKLKALQMKHSISIGEIKKIENSDVLVAYQVKRLNESLIDNLDQQKDAGTFQDIIFNLVRKSTIRNASRK,-0.78931814,1.2191632,-1.2764798,-0.44225907,62.0,0.7209302325581395,62.0,0.7209302325581395
id_18,QLAANRLKLCRADIDFLNSKLKRLREQRGRVVQNVQAYKKKTGERLAQEQIEKQKRASLGNKVSADVYEVDFNTIMSISLAESRQSRARQYG,1.4823002,-0.7061409,0.1889996,-0.3125252,63.0,0.6847826086956522,61.0,0.6630434782608695
id_19,DMESAKALHEYIEAIDAIDSQMLSLVQKRMTYSEKVGSYKRTEQVAISTVERWEEVVISRKEAAPRLDLVEEVVARIFEAQMAHSTAQQKLIS,0.2470227,0.2185583,-0.90079427,-0.8951474,61.0,0.6559139784946236,61.0,0.6559139784946236
id_20,YYNKTLSGLTAQFKPVDAQLVELVAQRTLTADEIITIKQDNNQPDMDTAQWKELLESVVKELTECNQDPTSHKRMFKEIIESSKYEQELECRRQ,-0.16505206,0.56300294,-1.0201423,-0.91316307,64.0,0.6808510638297872,63.0,0.6702127659574468
id_21,TTTMELIEARRQIIDRDFAVIVEFVKRLSFVLAESAGYSVRGKQTLQELADEFLRESKNQVEAARDEVTDFESRHEMGEVTSAEKYKHQLSMDE,-2.6235585,0.049827635,-0.73552513,-0.62066966,67.0,0.7127659574468085,66.0,0.7021276595744681
id_22,ATPAGMLESLRALIDLIDRAFELLLNRRRAYADYVRQRNTASGSVALPKEREEVVVRRVQQMAGMKSADATGKLIAEVVEDEIRVEVERLIAHR,-0.24543215,0.8371293,-0.6402136,0.22542186,61.0,0.648936170212766,60.0,0.6382978723404256
id_23,EYMNLQDQRKAIDISDHQLIANLDKRMNIVLELGKFKKDGQLNVFQEKRVRVKAKSLNEEVKEDNNFEKIIQKIFKIIIARSFRQKENV,0.6522605,0.13617301,-0.7246093,0.8798873,58.0,0.6170212765957447,58.0,0.6170212765957447
id_24,LELGPLRQRIDEIDGQIVDLLEKRMSLVSDVAGLKHQTQAPILVTERRRIIEDVVGGEKQSEELQAEVIEFAKQLMESLKSIQIRENMEK,1.1998856,0.73654175,-0.9018801,1.1022649,53.0,0.5888888888888889,52.0,0.5777777777777777
id_25,GAMVYALREVRQQIDEIDKVLVDLLAERQRAVEAVTRLKAENDLPVRAPEREKAVIKRLGAFPDTLDLDPVFAAKLLEGVIESSSRH,0.09077946,-0.837503,-0.2787141,0.13257335,51.0,0.5368421052631579,51.0,0.5368421052631579
id_26,ANTTKNEINGATQQDMSLINELILLTAQIAAATKNKGGSKIVRRPEERDVAVVKLLREETGGLAGRARADLHRILPRYVTHLQDREIEQYKHVRKV,1.81307,2.4058883,-1.0951711,0.352224,69.0,0.71875,69.0,0.71875
id_27,PLHPLRDEIDRVDAELIDRLNSRIEEVIRLAEIKQWAGVKANDQERDTASLSQLLKEVRGLEVAEGLARDLMITLFNAKIEENTTL,0.618386,-1.1998166,1.1477146,-0.7253092,59.0,0.686046511627907,59.0,0.686046511627907
id_28,ITQACAELEDSRIQTTIVDRDGVLLLVRKQQYAAAQNNIDIGRERSLQQLIAQQMKALAARKLQAAELEDYPFMVISSIREIPLSVHS,1.2615393,1.1279577,1.5224785,0.8000513,63.0,0.6702127659574468,63.0,0.6702127659574468
id_29,EPLDVLDLERYRQDIDKVRQQIIFMLKQEFDIKSNIVKQKEQVDIEKGDATAEEKQLANHFKKDTSLSYELILDEIKKILTISYKYQREY,0.23576853,1.1766106,0.032652285,0.46496806,64.0,0.7111111111111111,64.0,0.7111111111111111
id_30,GSEMELVHARRKAIDAIDTRLVALLNRRMYCCDEVGALKHLSQVARDQPRREEAVLEERRKLAEEGGLLPAFLEKFMRFVMHEIQ,-0.044670198,-1.4613892,1.3797456,-0.35239723,57.0,0.6477272727272727,55.0,0.5851063829787234
id_31,TDTACSCFFTIHYSVTDNIILLLMRDLSERFVTSAEIGQKMIAADLRREQIRRESAIYQELGDLDFPLNSSKDELITSFKVSYERERQHQERSK,1.6015162,1.2429031,-2.3160672,-0.45488432,67.0,0.7127659574468085,67.0,0.7127659574468085
id_32,AESDQLLSLSKKIDELKIDLFNIFDKAFKEFAKAADIKELQILDKVQSDMETKMLDKKILEILDKEVKKDYVKKVLDLSKALQEKIKEESKFD,-0.35839978,1.2936529,-1.6031209,-0.047964897,63.0,0.6774193548387096,63.0,0.6774193548387096
id_33,DEIQNNISEINAEVAELFKRIGKILVDRREYTMRVSRLKQVTRVPRDLPTLDKHQIEREIAYAIEKPYDEHVMPMSIAAVIAGPIETQAYE,-0.73071,-0.23884009,2.0059485,0.8248646,68.0,0.7472527472527473,68.0,0.7472527472527473
id_34,MYDPILLEIRKKINNIDNELIKLFEKRMNIAIKSGEKKQEKHKEISQVLREFAVRSKIIKEGCRKLMDEAIKRMDLGIIHESKLRQKRVHELT,0.52368385,-0.13877958,0.97132236,-0.022692,60.0,0.6451612903225806,55.0,0.5913978494623656
id_35,LAALSMSPSRIADDFLAIKRLIMALLNTRLVATQKAKEIKHRGAPPQDPSRAQVRIQNSRAEASQTPIDEAALSAVFRRAILLDIEVGVAAA,-0.064841494,-1.4352263,1.7069093,0.45744723,63.0,0.6847826086956522,62.0,0.6739130434782609
id_36,GAEIAADPDTLRELQEKLDKLIREIMGLFGLIAREKVRMQISKLSADDIRAAHSQVHQKAFKAGVVKLLIAAMKEAFTRQLKATTVLNLAM,-0.122765295,-1.3039085,-0.80681,0.8651907,67.0,0.7362637362637363,65.0,0.7142857142857143
id_37,KGCQGSLRCLRASINTLDLSLLDYLGRRLQLVAQIGRYKKEHDKPIFQPPVWLELLERWGEMNSPYNVDEQFWKQIFEAIIQESKKEQRRFI,0.7835795,-0.4111157,-1.1194087,-0.017030878,59.0,0.6413043478260869,59.0,0.6413043478260869
id_38,DLSEPLNSLDEQRKEIDAVDFQVVARLHKLTAVAGLAAEFKITELDVEVQARQWIAKARELQGATVANYLPELVRAFLWLSMSEHKALQSEL,0.55203444,-1.3126006,-0.8491797,1.0219449,61.0,0.648936170212766,61.0,0.648936170212766
id_39,TLDDLTGLRNKINSLDNQLLYLLNRRAQLTNAIGKLKSVHNEEIYQPFRENEILAAVRDRNEGPRLSTTVIELVLTSIVAESYLQETRKIHR,0.6268523,0.7784345,-0.30672297,1.0845135,57.0,0.6195652173913043,56.0,0.6086956521739131
id_40,MKELQSLRVKLDRIDGKIVELISERMKCVAKVSTYKRAKNVDRETADRNDEVLEKKLKKIKEWKLTGKTLFTVFRMSIKESHYESTKAVKA,-0.7497014,0.9129833,0.3077607,-0.41832456,60.0,0.6593406593406593,58.0,0.6373626373626373
id_41,YVERAELGLLRTRIEEIKKEILDLIAQRARVARQIGMAKAKHGIAMPDPVREQERILGERVGATPPLVNPHLREIVFRRLVAEEDAGTVVRL,1.180829,-0.06856746,-0.39334774,-1.2030612,61.0,0.6630434782608695,57.0,0.6195652173913043
id_42,REDHQIVRKTMQDIDDLVATLLQTRRQLMLDAREAVKFHPHPNMDAGRERRYYQSLASQGKMGEYNSVYEQVVEGIIRNGMELQKQIFMKAL,0.72171646,-1.8633893,0.09842096,1.6037151,66.0,0.717391304347826,64.0,0.6956521739130435
id_43,CNLTEIIADLREKIDAIDEQMLALLRKRMLLSKAVGELKQELGREILAKQREKEILERVKAEAHRLRPDDVVRAEIGEIIHAESLHQSIYSPL,1.410696,-0.77892995,-1.1904635,-0.81618744,55.0,0.5789473684210527,55.0,0.5789473684210527
id_44,YNLENLRLKIDQIDEELVRLFEKRMILSKEVGEYKIAKNKTVNQVYREKEKKQWILKNVSNDGMKLQSEFIQKVIQKLVEQNRFKQNEEI,-0.92745954,0.23198557,-0.23283496,0.13652809,57.0,0.6333333333333333,54.0,0.6
id_45,IHHELNKLREAIDAVDEQLLALVGDRAQLCARYGEIKLDAGIPRQDPEREILQIHRHEKALEGLNYDDGFRTQIRKEFRLLRQLNEAHSRRQ,1.4901205,0.42087454,-1.2798277,0.29690078,60.0,0.6521739130434783,58.0,0.6304347826086957
id_46,ESLAGLFQIADEIDTLDQDILALIQKRMQLAKEVGRTKMASQGARVDNTREAELIERHIGRLEKPHLQPAFRKLMLNSIIEDSVLEHEVHRQSR,0.951493,-2.1201112,1.4227113,-0.6916854,58.0,0.6170212765957447,57.0,0.6063829787234043
id_47,VGASIGLEQIRAQADLLDAQLVVLANRRLNVSDLVAQYKIDAGKEMMRDRREDDLIRRLQDQQSSTLIDEIYQLIWNVIHKQCRLQELELCVVI,-0.9682834,0.27315545,-1.3355423,-0.62104446,62.0,0.6595744680851063,62.0,0.6595744680851063
id_48,LKSIFDNLKELRNLINEMDKQIIKLIEERTKIVDKIVMDKSSKGQVFANIERNKSYLDKETKRAKYEHVKAELCGMWGDIIRSS,-0.6429303,-0.5513949,-0.36015582,-0.41934073,63.0,0.7078651685393258,61.0,0.7093023255813954
id_49,ENDDLNALRAVLANLDRKILDALGSRVQLSVWIAASVVNAGGEVDRPLREEIVIRRADQLPPERLFAPDLAVAFRTHASSNILEDMQLARYS,0.822017,-1.1300949,0.90746075,2.1243737,62.0,0.6739130434782609,62.0,0.6739130434782609
id_50,NDLERERIRIDPVRLEIVRAFMSALAVCAQATRYKLALWKATFDEPVLRAGREREIENLNKLALSAGGIIPDFIKKLQRLYFLSIDDS,0.7438248,-1.1496813,0.88553953,-0.878289,64.0,0.7272727272727273,64.0,0.7272727272727273
id_51,TQEEKSRMLIAQADTELLALLSKRMEFVQKVAEVRQLTGLPGFAPDREMAVLRRLDSLNEQNLERANLAAIFRTIFSATLEYELRLLKES,-2.4984248,0.5577278,0.11282143,-0.51941353,56.0,0.6153846153846154,54.0,0.6
id_52,YSRDNLKPDRVQVDREIDEILASCAARLDVAMEIAAAKWEYGVARADREFEQRAVLSKDTRAPNLGNAIEDVVKRLMFLLNEADMEEFIKGK,-0.14612313,-0.95265317,-1.1359929,0.94193745,64.0,0.6956521739130435,62.0,0.6739130434782609
id_53,FPKELRKLREAIDAIDEEIIALFAKRMDLSKQIGQVKVESGKNIFDPVREKALLDKVISKCSEEESSKQSVEFVFKFLSEESIEQQTKKGNK,-1.207134,1.7338978,1.2476878,-0.7898953,57.0,0.6195652173913043,56.0,0.6086956521739131
id_54,SYALDLLRTRRQEIDLDDVILYMTLARRSLCIEEVIKKKHGEAIPQFDPERSAYDINAMRQEALGAHVLPAFAETIFRPLAAESKRLQTLVGRPS,-0.17072001,-0.37113258,0.34268257,-2.1790366,61.0,0.6421052631578947,60.0,0.631578947368421
id_55,SNSLDQLREIDETIDQAIDDFLQQRMNTALVIVKASSAVGGAFTDPRVEQSIVRLRDSIRSNLGVPATLSRVRAEMLARFSAAFVKAGTY,-0.49308914,0.9892032,0.09542677,0.5083435,62.0,0.6888888888888889,60.0,0.6593406593406593
id_56,FAPPDISVIRDQVDQIDEQLLKLLNRRARFSQAIGRVKKTRDRALYDERREDEIRRKIAGELKPPITAEISKLVWEIMEIADEELTKQVKKK,0.8748507,-0.15244776,0.32665253,-1.2147629,59.0,0.6413043478260869,59.0,0.6413043478260869
id_57,LNGPSSLLQAKATALDPLSTQLVAALRQVSDCAAAAKPTARVAPGRAAALAEWRQVGVVHNEEMDAADESMVAQRASRMRAAADLNNSMK,0.045801964,0.67661,0.6057756,-0.15076555,68.0,0.7311827956989247,67.0,0.7204301075268817
id_58,QEAQENLGNQRVQIDNIQLDLVYLRAQRAAIIDEPVAGKHRLHRVKDVPNRIEELMRANHESVLDPGDIPELFKALFSMSLRLQVSQLTRH,-0.0779881,0.10183919,1.5371941,-0.7244037,62.0,0.6813186813186813,62.0,0.6813186813186813
id_59,SDAHLEVLSARIGHFDTLAEGVHYREVAMAVPVATAAWKKDVPAAVPQTEREKAAAVRGRAEAYQVARDADIAQASLGPAERAARIRRQDLMDT,0.20101762,-0.8630102,-2.3994055,-0.6311008,68.0,0.723404255319149,66.0,0.7021276595744681
id_60,IYEELQLHDQISATIFDNILYLIDELAKTFTASGSVILAKKEDRFRDAAIDKEVAQIIQNKSKKISYLGDHVLFLEKILAVISKECKQHQQL,1.011244,1.2149765,0.65099293,-0.4612127,65.0,0.7065217391304348,65.0,0.7065217391304348
id_61,EINEEDAKIRKLDQLINKLIERILELLKVIGKYHMLNGLPTYDTQEKLRSLDNQKRLNDLLKQKIESIRFYTDREKLILDYVRSSME,1.6890662,-0.9964644,1.1090417,0.35844582,62.0,0.7126436781609196,57.0,0.6404494382022472
id_62,DNRKDIETLREQIDNLDDEIIKLIEERMKVMREVGEFKKKNRFRVVEAKSYSDLLEKLIKQVKEKFESYEIATSVIECIKENVRR,0.04173112,-0.13546933,-0.76932365,0.2787525,60.0,0.6666666666666666,56.0,0.6436781609195402
id_63,QGLDPSRCAIDEVDQELLDLLAQRTALVAQVARAKIDNERPVRDGPRERESIDLVAENNSPKHNSEAAVFVERAVVSLEREHSKNEWKG,0.28612375,-0.21372782,-0.7492309,1.222332,57.0,0.6404494382022472,57.0,0.6404494382022472
id_64,SKNIIDELRRLSGAIDQNLEEILNSRGELSKQVALQKKQHHEIIKDRERYEEILDNVRGQQEGVTTDFDYRVIFAQTIMESSKVNEKAVLAA,0.2652613,-0.67635685,-0.012627652,2.028484,61.0,0.6559139784946236,60.0,0.6451612903225806
id_65,ADEIEAARKSISSIDGKVLALVKKRAEIADQIGHLKHVQGLPTYQSEQEAAMADSNRAQLEQEESQPAAKALLRQLNSVTARFRYSMEVQLA,0.14161864,-0.88084155,0.76253456,-0.43750158,61.0,0.6630434782608695,61.0,0.6630434782608695
id_66,KLSSLRAQIDSLDGQMIALLNARSQVLGCVGRYKQESRVSILDPQREKAVLAQLGQAAHGPFNKAGVRAVVLEIMEQSRAYQAPDHADG,-0.17838351,0.66518426,1.2494174,-0.5993351,55.0,0.6179775280898876,53.0,0.5955056179775281
id_67,IDQERERIREQIDKVNLQLLELISRAAAVTRAIGEVAGREGHYRYDRSRECMLLARLKGAAQDKHVDRALETIFRQILAEARNRENRE,0.39845452,-0.49324176,1.1959972,0.61609644,59.0,0.6413043478260869,59.0,0.6413043478260869
id_68,PAEQLSLLRGEIDKVDAQIVALLSKRAELASEIAKYKNETGLPVYKKGREREVLEKLNAASEELGLYPAITSSVFQISFDHSIDLQVELSQHV,0.6072195,-0.4318827,-0.13964845,0.24342413,57.0,0.6129032258064516,55.0,0.5913978494623656
id_69,EVYEQFEERRKLITNCDGLAEILTQRRSICIAAAITKKARNKAIEDPVREKALLASVMERAKAFGVSAAAAARLLSLLFRSSSEEQVADLDGH,1.6172875,1.2492186,0.6245545,-1.3866577,64.0,0.6881720430107527,64.0,0.6881720430107527
id_70,VKPEILDINRERLSTVDIDLSRMALQRERFQYSISSGKVGAGEPRVNEVFSRLLDGLKAEQNDVHHTGLYLQIIFNCLEAQSIEKYVR,0.013752801,0.06477534,1.0996131,1.6010789,65.0,0.7065217391304348,64.0,0.7272727272727273
id_71,AHHLTLLQARREEIDAPDQALISLIARRSAIVEAVGEKKMEHGIALERQRREQKVLDRIRSASGGLELSAHDIVEFLNMLVAAEIAQMGAMINR,0.9058058,-0.610572,0.90823877,0.14939073,63.0,0.6702127659574468,62.0,0.6595744680851063
id_72,IKANLSEGRTGIESIDALIFCLIERRAELANVIALARKDRNIPRLDNGREKQVFDLIEANETLHFYKEEMSYFFKQVLKEVLAKKQKQHK,-0.42819807,1.1607883,-1.5080887,0.8110276,60.0,0.6666666666666666,60.0,0.6666666666666666
id_73,QYPDEIVNCSTANLDPLDDVVTVISRIFTLKAMDGVKKTKKKSTDEIDKNQEKVQDLGKTRKSIERIKTTSSKVTSILSDSG,-0.41293168,-0.99757826,0.58605295,0.092529096,64.0,0.7710843373493976,64.0,0.7710843373493976
id_74,DLVAKALAQLRADIDRLNERLLDLINQRAQYQRQVGREKADHGSPQFVPEREQDMLSAVRKENEGADVADDVRADVVSACHQESRVVEARTSAGR,-0.11041976,0.38602546,0.102178834,-0.32275546,57.0,0.6,57.0,0.6
id_75,DWIEGLMYKVSANQDELDRLILNALKERGVVATYAVRSKLSRANVDEEGREMDIDELVAEKVNRLDRESVAPIFRNTMSLTKGRQ,0.3368831,1.9895766,0.5660345,-1.2728125,62.0,0.7126436781609196,60.0,0.7058823529411765
id_76,REDLTFTRLRISKASIDLVLERLIQTRFDVVLEVGKIKSTSDVARSTPEREEQVLDVLQRMNEAAAVLSETIQLITESLSACVEVVQYDKRR,-0.4824034,0.8197819,0.14363904,-0.48975003,61.0,0.6630434782608695,60.0,0.6521739130434783
id_77,NESRASIVELRDPIDKVDAKLLELLAKRRKVISEVGGLKKEKDFAVADPKRERAVLEKYAKQGEDPALQEAFTTTFFDSITEDVVLRQERIRQM,1.0064932,-0.5834966,-0.5457906,-1.4455943,59.0,0.6276595744680851,56.0,0.5957446808510638
id_78,FEMLERLMKQINENNVQFKKIISKIIEELKEIMEISKMPGGNTILVKDCKNAVLRLNEIARKSYEQKTEYSKEFHIFRKNVLRWSQIEILAEVKGH,-0.8641241,-0.40000626,-0.42061734,0.41448775,68.0,0.7083333333333334,67.0,0.6979166666666666
id_79,CEIDQLRAELDLLDGKFSDILELMNKVAKQAGLIKHDKGKAVYPPLREEEISKAVTSEQAPAALKELFDAIMREMFEVSIARTRRLAPSR,1.1508869,-0.07847219,-0.19349389,-0.05319911,59.0,0.6555555555555556,59.0,0.6555555555555556
id_80,DVALKDLSRHRLEIDRDTIALLLSERLRYQLALAVYIWESSLNISDADNESRVLQFARKTIEGLNQGSRSKSVVKEIFSELEKAMRNREMEKR,0.46198568,0.76506275,-0.6140128,-0.20780623,65.0,0.6989247311827957,63.0,0.6774193548387096
id_81,INEEAVMLDSIRANIDRVDAEILEHLAERFKYTIQIGVLRSEEDLAAYDPERVKYIIDRVQALNKELGPDSGIAEIFKRKEINKAIRGIMWSQ,-0.5055335,1.5716889,-1.8320464,1.9262905,57.0,0.6129032258064516,57.0,0.6129032258064516
id_82,TTAEEVLQGIREIDPKMDNALLQLLARRAKVARDIASKTNKSGLPVRDPEREQQVIEKSRMFCHEKGISEALYFILMQSNKVHTQKKQNSS,-0.7445859,0.59942853,-1.3099401,-0.37485272,59.0,0.6344086021505376,58.0,0.6236559139784946
id_83,CDPLLEQYRTIADTMDELNLYMVQRIADRVQAAEAEKQTKDIGDAREAAEFKQNNIKAVAKQIAEDQAVPEEAALMLWNMRLQYSLSLAE,0.97134805,0.49808618,-0.5742339,-0.6947203,64.0,0.7111111111111111,62.0,0.6888888888888889
id_84,REAEELNELRDVVDLIDREIYELVEERSKYGKEIVAQKVRKCFTREQASIEEILREKTAKNESINYLTEILAEMFKLILSSTVEEHR,0.98074365,-0.096331894,1.0617169,-0.022546671,61.0,0.6630434782608695,61.0,0.6630434782608695
id_85,TLWAQRGNLDDLDRRTINELLKAVKEIVERLQEKPKHQMSIKEQDKEAEKEKGVVKKQLDAFHKKAGLKGELSKLITYKLWQETEVHRRQ,-0.3452709,-1.7940278,0.04186897,0.23249345,64.0,0.7111111111111111,63.0,0.7
id_86,TKDLTALSAPVTESMDNVLDHILKRIREVQEIVAVKREAGNQAVREQAWINRINEIMAAALKHQELAEISRSIMEKVFNEITKLKIY,-0.34103575,1.4992255,-0.736987,1.8660982,63.0,0.6847826086956522,63.0,0.6847826086956522
id_87,SLEFLTNIMQQIDEIDKQLKELLSERLYCVMKIGNIKNVLNSKILQNKRLSQVLKVKDNNRGSFKYENKKVLSVLKFIISRNLEQLN,-0.9223268,1.4781371,-1.6623806,0.12485543,58.0,0.6666666666666666,58.0,0.6666666666666666
id_88,SLDALRLSISRIDASLVRANHIAAAKERLAIEISLAKWNSQADHDREQELRNALVREIGENTASQDNVFTHEQIIVSGHQRTAHDCSRYY,-1.755095,0.21353212,-0.8279859,-0.26887435,65.0,0.7222222222222222,61.0,0.6777777777777778
id_89,VEEQSSLLLSISAIAGGITYILGERLTLCEDFGRYQHAMKLPVFDPPRGAARFESVPLLVSAMTAPEEIMEDFRRIMMDSRGVQQPEIIGQ,-0.4766539,-0.073178366,0.5567543,-0.17437175,64.0,0.7032967032967034,63.0,0.6923076923076923
id_90,MLADIFCALAASRDEIDADLVKLIDKLVECCDFMGRVRKKHILAQSRKSSDFEVLEIYRKAISLNGIVSNDINRNLILSTTLASS,-0.8564292,1.3555589,0.00035782694,-1.0183753,63.0,0.7411764705882353,63.0,0.7411764705882353
id_91,EQLGAAIRALREEIDGIDDELLYMVADRTHYTQQIHASHTAEKSAPLDHARELDYIDRRRQRFEAEGEHDAMLAEIWQEIIRESTSLHKRLFKAQ,-1.0648446,-2.522412,0.05153941,1.1313487,62.0,0.6526315789473685,62.0,0.6526315789473685
id_92,QDASLLQALRASIDQIDRDIVDTFQRRLDHIDNVKAIKSGKQSAIFDEEREQALIAKAGSSAPREGVDEESFSEYLSKLLESSKRVQA,0.34534034,0.096885175,-0.6126638,-0.08830228,57.0,0.6477272727272727,57.0,0.6477272727272727
id_93,GVEGLVLQNSRLSSADADVLGLLRARTALVADIMLASRKKPGEIVAPQREVNVFMSLPALVPEAATAGAEVLAVATVLSAASRAVDSARGAAW,0.729123,0.91542965,1.1102107,-1.0429509,66.0,0.7096774193548387,64.0,0.6881720430107527
id_94,PPVASMSEATDQVLSEFDAALGEIVANRFEITRDAAREASYSHQTALDQAALQQALDRVIAPAKLAHLEPMVVARSKHNNQFPN,-1.531657,1.0206512,0.89081043,-1.0534048,64.0,0.7619047619047619,64.0,0.7619047619047619
id_95,SASQLLAERRALIDADDALLYQLLQRRSGCVKAAMADKRTKHLPFVPPREEAVINRRRAADQEISDVEAIQAEFLAAMMRNNKYESAKIAKD,0.85578483,2.357352,-0.661887,-0.7128649,61.0,0.6630434782608695,61.0,0.6630434782608695
id_96,PEQEKALLEVRDTIDNIDRAIVPTLSRRSKETERAATLKASSDMTPADHRRHEILLEKKAALAKHDNAEAAMVELFFAAMEDYRIPEE,0.41139764,-1.2736881,1.0424381,1.5339499,59.0,0.6210526315789474,59.0,0.6210526315789474
id_97,PQESLRLQQLRCEIDSLDLQLLRLFATRLAVAREVGQSKVQADGTPSQQERVAVRLAREVQRAQSASVPSKVAAPVRDSLAAERVRQQMERS,1.5318835,-0.38082778,0.37123278,-0.4948302,59.0,0.6413043478260869,59.0,0.6413043478260869
id_98,MSKDLTALNKRRTNLDQNRLELLLLKNRLMETARAVARKKDISKKVEDPSRGEVVVDFIKEFANCSLGTSAFYSDFFIHGVSARLCLEHELFQD,-1.0799268,-1.0778196,0.06804559,-0.45868206,64.0,0.6808510638297872,64.0,0.6808510638297872
id_99,YQKELNLLRERIAQIDAELVELIERRMEVSRIVGEVKVKHGEEIFNPEREERILSKLKKMSPEDFVRQVVERIYQEILAASSKYQERLRVET,0.31645024,0.80411315,-0.44728073,-0.44981843,56.0,0.6086956521739131,56.0,0.6086956521739131
