header,unaligned_sequence,hamming,similarity
seq_0,GVYMHRVKAVYSYKANPEDPTELTFEKGDTLESVGVHMRQFQICDHTEFIAFMPYISAAMC,19,0.3114754098360656
seq_1,GVYMHRVKAVYSYKANPEDPTELTFEKGDTLEDADPGWVWFQARKWFGGFRGLHQYWSIYL,16,0.26229508196721313
seq_2,GVYMHRVKAVYSYKANPEDPTELTFEKGDTLEDVNYAARHFYGDWLGERYKMFPTYRVLGADDKPR,23,0.3770491803278688
seq_3,GVYMHRVKAVYSYKANPEDPTELTFEKGDTLEFCDEWKRDDWARVAHGVTSRNECNIQQLYRD,16,0.26229508196721313
seq_4,GVYMHRVKAVYSYKANPEDPTELTFEKGDTLEYWYLLAKGAMEAACWVQANAMGPCMEVEQ,22,0.36065573770491804
seq_5,GVYMHRVKAVYSYKANPEDPTELTFEKGDTLEVDQYQEQNFQAEQPEMEIIKINKVHICDK,20,0.32786885245901637
seq_6,GVYMHRVKAVYSYKANPEDPTELTFEKGDTLECVNFQRDWWHAHMVNGGNTLRASVHCTDE,16,0.26229508196721313
seq_7,GVYMHRVKAVYSYKANPEDPTELTFEKGDTLEDLVKIPHSKGELCTAAHVFRYNIWGFLVE,22,0.36065573770491804
seq_8,GVYMHRVKAVYSYKANPEDPTELTFEKGDTLEKQNLHRHQNQVAKNIFFTGMWPYNFLTRP,17,0.2786885245901639
seq_9,GVYMHRVKAVYSYKANPEDPTELTFEKGDTLEVSAKNGRLTCIHTIAERTGPYHGNRLVFC,16,0.26229508196721313
seq_10,GVYMHRVKAVYSYKANPEDPTELTFEKGDTLEVINVCMRAGQVASWPERLMNQDFNQHERC,18,0.29508196721311475
seq_11,GVYMHRVKAVYSYKANPEDPTELTFEKGDTLERRWDQYNKRLIAAGTFNNVIDNYLPRCSF,20,0.32786885245901637
seq_12,GVYMHRVKAVYSYKANPEDPTELTFEKGDTLEHKVHLYPGRLVKQFWQDRENTTRIDYTIAFD,22,0.36065573770491804
seq_13,GVYMHRVKAVYSYKANPEDPTELTFEKGDTLEIVEKFPSFTPSCQAQPTRMDPGVIKPVLGTE,21,0.3442622950819672
seq_14,GVYMHRVKAVYSYKANPEDPTELTFEKGDTLEHVDAQERFCQAIRITGMTDIIMVDYIGLY,13,0.21311475409836064
seq_15,GVYMHRVKAVYSYKANPEDPTELTFEKGDTLEHEDARGIPEQVHWAWGCITFSNSIYCSKY,16,0.26229508196721313
seq_16,GVYMHRVKAVYSYKANPEDPTELTFEKGDTLEDLPCCGRDWYARRETRFQGHNASNELIKG,17,0.2786885245901639
seq_17,GVYMHRVKAVYSYKANPEDPTELTFEKGDTLEDELQGTNTWQSWIGRTDSKQHDDINFVFR,22,0.36065573770491804
seq_18,GVYMHRVKAVYSYKANPEDPTELTFEKGDTLEVPVMCGFWLQIPSAPWTVIPVKVMYHACYTDVIE,18,0.29508196721311475
seq_19,GVYMHRVKAVYSYKANPEDPTELTFEKGDTLEQWSPRFIWWTGKLPPRQTKCARSKERFPQ,17,0.2786885245901639
seq_20,GVYMHRVKAVYSYKANPEDPTELTFEKGDTLEMEKAGRQYWHARDATSDTHRYASNIVGYV,17,0.2786885245901639
seq_21,GVYMHRVKAVYSYKANPEDPTELTFEKGDTLENMDCDDQDYEVAAATQQYVCAHGFYLALW,18,0.29508196721311475
seq_22,GVYMHRVKAVYSYKANPEDPTELTFEKGDTLEVVMVEGRQFQAYENKGTAGIVPSNQAYDI,12,0.19672131147540983
seq_23,GVYMHRVKAVYSYKANPEDPTELTFEKGDTLEVVYVRWRMWYWRIAMGKLGIADSNYLDPA,13,0.21311475409836064
seq_24,GVYMHRVKAVYSYKANPEDPTELTFEKGDTLEVVDWQANWWQAWSKNHEIGGMPKNYLIQDQD,13,0.21311475409836064
seq_25,GVYMHRVKAVYSYKANPEDPTELTFEKGDTLEWNRCQHVKFAFLEMMEQHIRVKDMRKGYN,23,0.3770491803278688
seq_26,GVYMHRVKAVYSYKANPEDPTELTFEKGDTLENQRAYKWWAQIWQIHEHTRAEPMEFKYEI,19,0.3114754098360656
seq_27,GVYMHRVKAVYSYKANPEDPTELTFEKGDTLEQDCFHGWSHLTRQSYAKCIWGYIQLCIVFDD,23,0.3770491803278688
seq_28,GVYMHRVKAVYSYKANPEDPTELTFEKGDTLEKHQCGINYHCACHAVLLSWIGDSGSPDPNSN,22,0.36065573770491804
seq_29,GVYMHRVKAVYSYKANPEDPTELTFEKGDTLEHGLMQGRDVQTICALNNTKIVARNYLQRF,15,0.2459016393442623
seq_30,GVYMHRVKAVYSYKANPEDPTELTFEKGDTLEPSQCTMYHWSARKSATRNFNWPSEYYWQYAR,18,0.29508196721311475
seq_31,GVYMHRVKAVYSYKANPEDPTELTFEKGDTLESLCVNGRWYRDTMANGASGINQCDLLDLF,17,0.2786885245901639
seq_32,GVYMHRVKAVYSYKANPEDPTELTFEKGDTLEQAKPKQFNEVATFANLAHGIVPSNYCQLY,15,0.2459016393442623
seq_33,GVYMHRVKAVYSYKANPEDPTELTFEKGDTLEVDKSAIRRHDARKTTIGIGIVPKHYMLLI,14,0.22950819672131148
seq_34,GVYMHRVKAVYSYKANPEDPTELTFEKGDTLEVSVEEGCWWQHRHMRLTVGIKPMNYYQHY,13,0.21311475409836064
seq_35,GVYMHRVKAVYSYKANPEDPTELTFEKGDTLEFQEWARIWGMMAPPCFDCTNAPQEQLIPF,20,0.32786885245901637
seq_36,GVYMHRVKAVYSYKANPEDPTELTFEKGDTLEVHDFESRCSMDRKSNGANKEELSNDKTERE,18,0.29508196721311475
seq_37,GVYMHRVKAVYSYKANPEDPTELTFEKGDTLEVVPDQGRWMHARWSCIEIMILGCLSPIDQ,17,0.2786885245901639
seq_38,GVYMHRVKAVYSYKANPEDPTELTFEKGDTLEVNDAWNNWPQSRKNVPDTADESYITFNQIQG,19,0.3114754098360656
seq_39,GVYMHRVKAVYSYKANPEDPTELTFEKGDTLESVIISFMWFRSNCAQNTTGCHPVNYPIPP,15,0.2459016393442623
seq_40,GVYMHRVKAVYSYKANPEDPTELTFEKGDTLENNDAQGWWWQRNHSRGTIWHMPDVYIIMDED,16,0.26229508196721313
seq_41,GVYMHRVKAVYSYKANPEDPTELTFEKGDTLEVKNGQYWWSSVFVCRRDIPPVMPWWRVMR,20,0.32786885245901637
seq_42,GVYMHRVKAVYSYKANPEDPTELTFEKGDTLESFQAHKWMQIEGMKCDAWCYGPMNFKICY,21,0.3442622950819672
seq_43,GVYMHRVKAVYSYKANPEDPTELTFEKGDTLEVHKFVRRWETYMGDKMETGIVPGTPPNFYDD,17,0.2786885245901639
seq_44,GVYMHRVKAVYSYKANPEDPTELTFEKGDTLEAVKNAGNCAQARKWIGLVDCFPDDINLIHD,16,0.26229508196721313
seq_45,GVYMHRVKAVYSYKANPEDPTELTFEKGDTLEVKNFSDVDWQASTALGSTQIHPSSKKYMY,14,0.22950819672131148
seq_46,GVYMHRVKAVYSYKANPEDPTELTFEKGDTLEGSKAQGIDTQSKNADGGTTRCRWHMRYIKDD,21,0.3442622950819672
seq_47,GVYMHRVKAVYSYKANPEDPTELTFEKGDTLETKKLQVWMPHAVTPCAIMGIVPWIIAGDT,16,0.26229508196721313
seq_48,GVYMHRVKAVYSYKANPEDPTELTFEKGDTLEGVKHGVFWWFVHHVDILTGPWNSNYQLPS,15,0.2459016393442623
seq_49,GVYMHRVKAVYSYKANPEDPTELTFEKGDTLENQLNEHRDGWHAQLCDGDSRLHPVLLPMYF,20,0.32786885245901637
seq_50,GVYMHRVKAVYSYKANPEDPTELTFEKGDTLEVVDKQGKWGCLLGAQGFVQIVPSEYMMFEGD,15,0.2459016393442623
seq_51,GVYMHRVKAVYSYKANPEDPTELTFEKGDTLEHSLKQFLSLQEWDADETCCFPHSNRGRNMS,18,0.29508196721311475
seq_52,GVYMHRVKAVYSYKANPEDPTELTFEKGDTLEHVQGQGVMMMHKEANGTETSRPINTRIMLDD,17,0.2786885245901639
seq_53,GVYMHRVKAVYSYKANPEDPTELTFEKGDTLEGSVVEGIWREPSKIHSTRWICDLGCEIER,19,0.3114754098360656
seq_54,GVYMHRVKAVYSYKANPEDPTELTFEKGDTLEVVKFWPGWETNRDTRGVTGFIPFIYGQNG,16,0.26229508196721313
seq_55,GVYMHRVKAVYSYKANPEDPTELTFEKGDTLEVLHEQGKWWQGYPANGTFGVIPSNGLVIF,11,0.18032786885245902
seq_56,GVYMHRVKAVYSYKANPEDPTELTFEKGDTLEASDNQGRMWIERAAYKTSQHLPSNSLGLI,13,0.21311475409836064
seq_57,GVYMHRVKAVYSYKANPEDPTELTFEKGDTLEVAKWGEWWSQWQKPWKHIVAEINLGRSTY,18,0.29508196721311475
seq_58,GVYMHRVKAVYSYKANPEDPTELTFEKGDTLERQKMQYNAELMESENEQVGIAPSNIREMV,16,0.26229508196721313
seq_59,GVYMHRVKAVYSYKANPEDPTELTFEKGDTLEGTNLVRWWGQWSSGTFHIPYNWQCGKLTS,19,0.3114754098360656
seq_60,GVYMHRVKAVYSYKANPEDPTELTFEKGDTLEHVCKCNKHREDTMGTPGAVVKHLSECVDQ,20,0.32786885245901637
seq_61,GVYMHRVKAVYSYKANPEDPTELTFEKGDTLENLMYKNYNQHFLDMRHVVNYMFQYAHLCTTMHFCGLSDADSICIECS,35,0.5737704918032787
seq_62,GVYMHRVKAVYSYKANPEDPTELTFEKGDTLEVTGPKARWGAHNTRTEFVWIMPMCGWLCCRN,20,0.32786885245901637
seq_63,GVYMHRVKAVYSYKANPEDPTELTFEKGDTLEVLQTGNQDMPVTGGEEGSEAINSLFCNEI,21,0.3442622950819672
seq_64,GVYMHRVKAVYSYKANPEDPTELTFEKGDTLEVSKCLSNWHGHRKAPNDWDGALNEVWPFD,17,0.2786885245901639
seq_65,GVYMHRVKAVYSYKANPEDPTELTFEKGDTLEYDCMNGIMGMAMRMDEEIGIMNCICYCDP,21,0.3442622950819672
seq_66,GVYMHRVKAVYSYKANPEDPTELTFEKGDTLEKTDYQECGHVKTHSNCCWKVGNITQIYL,19,0.3114754098360656
seq_67,GVYMHRVKAVYSYKANPEDPTELTFEKGDTLETCQLFGSWAMWYDTTCWPRIAPMCEILIQD,21,0.3442622950819672
seq_68,GVYMHRVKAVYSYKANPEDPTELTFEKGDTLEIQEAGGRSGWVWRCNGYTSIVAFNELIRE,16,0.26229508196721313
seq_69,GVYMHRVKAVYSYKANPEDPTELTFEKGDTLEVVGAHSRNWQPSAYMVHTTVVQSNYLQMCD,14,0.22950819672131148
seq_70,GVYMHRVKAVYSYKANPEDPTELTFEKGDTLEAVMAEGWWWHARKAAGGIFDPPEPCTDPQ,13,0.21311475409836064
seq_71,GVYMHRVKAVYSYKANPEDPTELTFEKGDTLEYDDYCGGGDQIKKAAGFTGIVTRCYLNLL,15,0.2459016393442623
seq_72,GVYMHRVKAVYSYKANPEDPTELTFEKGDTLEINKAPMEWTQARLFVPTNSRPWSICEGKY,17,0.2786885245901639
seq_73,GVYMHRVKAVYSYKANPEDPTELTFEKGDTLEVEKAQYITYGVQIPSCGSGVKMGDVLLGY,16,0.26229508196721313
seq_74,GVYMHRVKAVYSYKANPEDPTELTFEKGDTLEVGCAKQRFWKARKCQGTTSCSHSNYLIYI,14,0.22950819672131148
seq_75,GVYMHRVKAVYSYKANPEDPTELTFEKGDTLEVTRGDRGLKHRFEMWVDISTHSWISPNHY,23,0.3770491803278688
seq_76,GVYMHRVKAVYSYKANPEDPTELTFEKGDTLECYTAVGSCGSNRPFRCQPTPPGEYLKTLHD,21,0.3442622950819672
seq_77,GVYMHRVKAVYSYKANPEDPTELTFEKGDTLEADMALWMWELARDKRHTTYHGPSAYFQLN,15,0.2459016393442623
seq_78,GVYMHRVKAVYSYKANPEDPTELTFEKGDTLEVLYNWTYWQAARGEPGNWFFVHEENILHV,18,0.29508196721311475
seq_79,GVYMHRVKAVYSYKANPEDPTELTFEKGDTLEHLLMSAFFWEIYHWTDWTFDCPEPAHKSEDE,24,0.39344262295081966
seq_80,GVYMHRVKAVYSYKANPEDPTELTFEKGDTLERDQVDAWIQAEMQRNGQVEMHISNTPNLV,18,0.29508196721311475
seq_81,GVYMHRVKAVYSYKANPEDPTELTFEKGDTLEQSYEQGCWVRAGKGWVRFFPEPWLGWENE,17,0.2786885245901639
seq_82,GVYMHRVKAVYSYKANPEDPTELTFEKGDTLEVHDDDTNIWNAVKFNGQVLHLDPSFYIGQD,13,0.21311475409836064
seq_83,GVYMHRVKAVYSYKANPEDPTELTFEKGDTLECCEPGHSHWRVAFNWAVFGKVPSRLYEPKE,19,0.3114754098360656
seq_84,GVYMHRVKAVYSYKANPEDPTELTFEKGDTLEELEIWHWRADWRQPNQTTKIDHSSYLEKFTRVIQ,18,0.29508196721311475
seq_85,GVYMHRVKAVYSYKANPEDPTELTFEKGDTLEELDSAQGQWQVRMAFGERGPAPDNANSEC,15,0.2459016393442623
seq_86,GVYMHRVKAVYSYKANPEDPTELTFEKGDTLEFLSMQGMLAFEAPPMCNIVGVRLNFNDRM,23,0.3770491803278688
seq_87,GVYMHRVKAVYSYKANPEDPTELTFEKGDTLEGVMTKRRKQHTESPLMHCQFRKTCFREYFDQK,22,0.36065573770491804
seq_88,GVYMHRVKAVYSYKANPEDPTELTFEKGDTLEGVCACIRWVWDNGQWGYRDKAIYGTAIEIDDKDD,23,0.3770491803278688
seq_89,GVYMHRVKAVYSYKANPEDPTELTFEKGDTLERKYKVFVLQFRLKCNTGGLAVPSTTTITV,19,0.3114754098360656
seq_90,GVYMHRVKAVYSYKANPEDPTELTFEKGDTLEIENELYMWCSARYAGWPQGIYVKNALDAS,20,0.32786885245901637
seq_91,GVYMHRVKAVYSYKANPEDPTELTFEKGDTLEYNKYQSHWQKQAQAEGQSNGWDSYEELLV,18,0.29508196721311475
seq_92,GVYMHRVKAVYSYKANPEDPTELTFEKGDTLEVSINQGGFTRATESDYTDTHVPGIDIQPPGG,18,0.29508196721311475
seq_93,GVYMHRVKAVYSYKANPEDPTELTFEKGDTLEVKANLGASDQVIAAGQECCKVQYRARSII,21,0.3442622950819672
seq_94,GVYMHRVKAVYSYKANPEDPTELTFEKGDTLEVGAALGRWEQLREISAPIGIDFNNKLTWGDDVVQ,16,0.26229508196721313
seq_95,GVYMHRVKAVYSYKANPEDPTELTFEKGDTLEVWRKWSGWRGPWNALYGFGNRPEVSLQCG,16,0.26229508196721313
seq_96,GVYMHRVKAVYSYKANPEDPTELTFEKGDTLEWVNIMFMDMYWIKPFCWCDDFVIFFKEQVLDSDNALLP,26,0.4262295081967213
seq_97,GVYMHRVKAVYSYKANPEDPTELTFEKGDTLEVQKATGIWTDRMKPATLAPPCCEVYCNNT,20,0.32786885245901637
seq_98,GVYMHRVKAVYSYKANPEDPTELTFEKGDTLEWVKKYEVWLHLDGITTWIVNESNTIPRCD,20,0.32786885245901637
seq_99,GVYMHRVKAVYSYKANPEDPTELTFEKGDTLEREDHYLRDRPKQKERVGLTAFHGACRWLI,21,0.3442622950819672
